Row Labels,Count of Application
bash,37232
/buildstore/_bazel_rmahendr/1a542c6378d172af3aab2f84ceeed936/external/rules_asml_sh_default_linux/bin/bash,11
/usr/bin/bash,37221
hardlink,30400
/usr/sbin/hardlink,30400
rm,20022
/usr/bin/rm,20022
dd,17928
/usr/bin/dd,17928
smtp,17801
/usr/libexec/postfix/smtp,17801
sshd,14787
/usr/sbin/sshd,14787
dnf-3,12467
/usr/bin/dnf-3,12467
sudo,8948
/usr/bin/sudo,8948
platform-python3.6,7859
/usr/libexec/platform-python3.6,7859
dracut-install,6240
/usr/lib/dracut/dracut-install,6240
pickup,5460
/usr/libexec/postfix/pickup,5460
curl,4807
/usr/bin/curl,4807
process-wrapper,4188
/buildstore/.cache/bazel/_bazel_jonispe1/install/8d5f50e28a91af5bb7169f1a7a6e173a/process-wrapper,1400
/buildstore/.cache/bazel/_bazel_jonispe1/install/b8a069f8b7ab718c13dbfa7ea3667622/process-wrapper,25
/buildstore/.cache/bazel/estapel/_bazel_estapel/install/8d5f50e28a91af5bb7169f1a7a6e173a/process-wrapper,92
/buildstore/.cache/bazel/estapel/_bazel_estapel/install/b8a069f8b7ab718c13dbfa7ea3667622/process-wrapper,2
/buildstore/.cache/bazel/joblooij/_bazel_joblooij/install/8d5f50e28a91af5bb7169f1a7a6e173a/process-wrapper,937
/buildstore/_bazel_btorres/install/8d5f50e28a91af5bb7169f1a7a6e173a/process-wrapper,5
/buildstore/_bazel_omhassan/install/8d5f50e28a91af5bb7169f1a7a6e173a/process-wrapper,1565
/buildstore/_bazel_rmahendr/install/8d5f50e28a91af5bb7169f1a7a6e173a/process-wrapper,161
/buildstore/estapel_at_qbl_P984675_29_10A_int/cache/bazel-user-cache/install/8d5f50e28a91af5bb7169f1a7a6e173a/process-wrapper,1
cpio,4158
/buildstore/.cache/bazel/_bazel_jonispe1/a1b947492321dcffc7c5b450d81e01f1/external/backend_package_1097725816/rpm2cpio_vendored/bin/cpio,393
/buildstore/.cache/bazel/_bazel_jonispe1/a1b947492321dcffc7c5b450d81e01f1/external/backend_package_696731679/rpm2cpio_vendored/bin/cpio,966
/buildstore/.cache/bazel/estapel/_bazel_estapel/b7c4c1ccd7cf0b25fb8b32ed16539365/external/backend_package_1579429704/rpm2cpio_vendored/bin/cpio,81
/buildstore/.cache/bazel/joblooij/_bazel_joblooij/18db0ff9e1b9555342212860abc0edb0/external/backend_package_1321164985/rpm2cpio_vendored/bin/cpio,133
/buildstore/.cache/bazel/joblooij/_bazel_joblooij/18db0ff9e1b9555342212860abc0edb0/external/backend_package_696731679/rpm2cpio_vendored/bin/cpio,321
/buildstore/.cache/bazel/joblooij/_bazel_joblooij/b3640235374b41fe14d71ccbe71210bd/external/backend_package_1034244039/rpm2cpio_vendored/bin/cpio,92
/buildstore/.cache/bazel/joblooij/_bazel_joblooij/b3640235374b41fe14d71ccbe71210bd/external/backend_package_1063407358/rpm2cpio_vendored/bin/cpio,14
/buildstore/.cache/bazel/joblooij/_bazel_joblooij/b3640235374b41fe14d71ccbe71210bd/external/backend_package_1321164985/rpm2cpio_vendored/bin/cpio,101
/buildstore/.cache/bazel/joblooij/_bazel_joblooij/b3640235374b41fe14d71ccbe71210bd/external/backend_package_265775746/rpm2cpio_vendored/bin/cpio,26
/buildstore/.cache/bazel/joblooij/_bazel_joblooij/b3640235374b41fe14d71ccbe71210bd/external/backend_package_572166101/rpm2cpio_vendored/bin/cpio,31
/buildstore/.cache/bazel/joblooij/_bazel_joblooij/b3640235374b41fe14d71ccbe71210bd/external/backend_package_696731679/rpm2cpio_vendored/bin/cpio,137
/buildstore/.cache/bazel/joblooij/_bazel_joblooij/b3640235374b41fe14d71ccbe71210bd/external/backend_package_861807989/rpm2cpio_vendored/bin/cpio,62
/buildstore/_bazel_btorres/1d2d78a9671fe91396c3e8dad2f80e04/external/backend_package_1034244039/rpm2cpio_vendored/bin/cpio,1
/buildstore/_bazel_btorres/1d2d78a9671fe91396c3e8dad2f80e04/external/backend_package_696731679/rpm2cpio_vendored/bin/cpio,1
/buildstore/_bazel_omhassan/8bc74f3af8f4433582e3062a7e774891/external/backend_package_1063407358/rpm2cpio_vendored/bin/cpio,14
/buildstore/_bazel_omhassan/8bc74f3af8f4433582e3062a7e774891/external/backend_package_1321164985/rpm2cpio_vendored/bin/cpio,100
/buildstore/_bazel_omhassan/a71070dac6475db1df0220b3f49bcf20/external/backend_package_1321164985/rpm2cpio_vendored/bin/cpio,1
/buildstore/_bazel_omhassan/ad6f0d46ac3485b6ce0e1739f5d9c8e0/external/backend_package_1321164985/rpm2cpio_vendored/bin/cpio,101
/buildstore/_bazel_omhassan/ad6f0d46ac3485b6ce0e1739f5d9c8e0/external/backend_package_696731679/rpm2cpio_vendored/bin/cpio,138
/buildstore/_bazel_omhassan/ad6f0d46ac3485b6ce0e1739f5d9c8e0/external/rpm_perl/rpm2cpio_vendored/bin/cpio,222
/buildstore/_bazel_omhassan/cd5fee478353c1a1a28dc7db4d9e9159/external/backend_package_1063407358/rpm2cpio_vendored/bin/cpio,42
/buildstore/_bazel_omhassan/cd5fee478353c1a1a28dc7db4d9e9159/external/backend_package_1321164985/rpm2cpio_vendored/bin/cpio,357
/buildstore/_bazel_omhassan/cd5fee478353c1a1a28dc7db4d9e9159/external/backend_package_696731679/rpm2cpio_vendored/bin/cpio,551
/buildstore/_bazel_omhassan/fa310bb9b7d483e02185838255002831/external/backend_package_1667480653/rpm2cpio_vendored/bin/cpio,1
/buildstore/_bazel_rmahendr/1a542c6378d172af3aab2f84ceeed936/external/backend_package_1063407358/rpm2cpio_vendored/bin/cpio,14
/buildstore/_bazel_rmahendr/1a542c6378d172af3aab2f84ceeed936/external/backend_package_1321164985/rpm2cpio_vendored/bin/cpio,124
/usr/bin/cpio,134
cp,4039
/usr/bin/cp,4039
cleartool,3416
/opt/hcl/ccm/versionvault/linux_x86_64/bin/cleartool,3416
git,3151
/home/cadappl_RHEL8/git/2.43.0/git/bin/git,38
/home/cadappl_RHEL8/git/2.43.0/git/libexec/git-core/git,28
/home/cadappl_RHEL8/git/2.49.0/git/bin/git,190
/home/cadappl_RHEL8/git/2.49.0/git/libexec/git-core/git,58
/home/cadappl_RHEL8/git/2.52.0/git/bin/git,2312
/home/cadappl_RHEL8/git/2.52.0/git/libexec/git-core/git,471
/usr/bin/git,54
tfdmgr,2585
/opt/hcl/ccm/versionvault/linux_x86_64/lib/mgrs/text_file_delta/tfdmgr,2585
git.wrapper,2541
/home/cadappl_RHEL8/git/2.43.0/wrapper/git.wrapper,38
/home/cadappl_RHEL8/git/2.49.0/wrapper/git.wrapper,190
/home/cadappl_RHEL8/git/2.52.0/wrapper/git.wrapper,2313
ssh,2385
/usr/bin/ssh,2385
perl,2380
/home/cadappl_RHEL6/perl/5.8.4_64/perl/bin/perl,30
/home/cadappl_RHEL8/perl/5.26.3/perl/bin/perl,430
/home/cadappl_RHEL8/perl/5.8.4/perl/bin/perl,1689
/sdev/devbench/perl/5.36.0-20220913.02-rh8/bin/perl,226
/usr/bin/perl,5
timeout,2257
/usr/bin/timeout,2257
linux-sandbox,2144
/buildstore/_bazel_rmahendr/install/8d5f50e28a91af5bb7169f1a7a6e173a/linux-sandbox,2144
subscription-manager,2013
/usr/sbin/subscription-manager,2013
mv,1933
/usr/bin/mv,1933
sed,1858
/usr/bin/sed,1858
runuser,1589
/usr/sbin/runuser,1589
tr,1588
/usr/bin/tr,1588
cadenv_x64,1569
/home/cadappl_RHEL8/bin/cadenv_x64,1569
cc1plus,1342
/usr/libexec/gcc/x86_64-redhat-linux/8/cc1plus,1342
c++,1335
/usr/bin/c++,1335
tcsh,1102
/usr/bin/tcsh,1102
coreutils,978
/buildstore/.cache/bazel/_bazel_jonispe1/a1b947492321dcffc7c5b450d81e01f1/external/backend_package_1097725816/rpm2cpio_vendored/bin/coreutils,118
/buildstore/.cache/bazel/_bazel_jonispe1/a1b947492321dcffc7c5b450d81e01f1/external/backend_package_696731679/rpm2cpio_vendored/bin/coreutils,286
/buildstore/.cache/bazel/estapel/_bazel_estapel/b7c4c1ccd7cf0b25fb8b32ed16539365/external/backend_package_1579429704/rpm2cpio_vendored/bin/coreutils,80
/buildstore/.cache/bazel/joblooij/_bazel_joblooij/18db0ff9e1b9555342212860abc0edb0/external/backend_package_1321164985/rpm2cpio_vendored/bin/coreutils,132
/buildstore/.cache/bazel/joblooij/_bazel_joblooij/18db0ff9e1b9555342212860abc0edb0/external/backend_package_696731679/rpm2cpio_vendored/bin/coreutils,332
/buildstore/_bazel_btorres/1d2d78a9671fe91396c3e8dad2f80e04/external/backend_package_1034244039/rpm2cpio_vendored/bin/coreutils,1
/buildstore/_bazel_btorres/1d2d78a9671fe91396c3e8dad2f80e04/external/backend_package_696731679/rpm2cpio_vendored/bin/coreutils,1
/buildstore/_bazel_rmahendr/1a542c6378d172af3aab2f84ceeed936/external/rules_asml_sh_default_linux/bin/coreutils,28
suid_dispatch,951
/sdev/ccadmin/sbin/Arch/suid_dispatch,940
/sdev/user/bin/Arch/suid_dispatch,4
/sdev/user/sbin/Arch/suid_dispatch,7
upload_xml_data,940
/sdev/ccadmin/sbin/Arch/common/upload_xml_data,940
python3.12,929
/home/cadappl_RHEL8/python3/3.12.6/python3/bin/python3.12,903
/usr/bin/python3.12,26
default-linux,926
/buildstore/_bazel_rmahendr/1a542c6378d172af3aab2f84ceeed936/external/rules_toolchain_ddgen_default_linux/default-linux,926
ratlperl,853
/opt/hcl/ccm/common/linux_x86_64/bin/ratlperl,853
gio,805
/usr/bin/gio,805
ccset_view,720
/sdev/user/bin/ccset_view,720
userhelper,673
/usr/sbin/userhelper,673
java,655
/buildstore/.cache/bazel/_bazel_jonispe1/install/8d5f50e28a91af5bb7169f1a7a6e173a/embedded_tools/jdk/bin/java,35
/buildstore/.cache/bazel/_bazel_jonispe1/install/b8a069f8b7ab718c13dbfa7ea3667622/embedded_tools/jdk/bin/java,37
/buildstore/.cache/bazel/estapel/_bazel_estapel/install/8d5f50e28a91af5bb7169f1a7a6e173a/embedded_tools/jdk/bin/java,18
/buildstore/.cache/bazel/estapel/_bazel_estapel/install/b8a069f8b7ab718c13dbfa7ea3667622/embedded_tools/jdk/bin/java,4
/buildstore/.cache/bazel/joblooij/_bazel_joblooij/install/8d5f50e28a91af5bb7169f1a7a6e173a/embedded_tools/jdk/bin/java,26
/buildstore/.cache/bazel/joblooij/_bazel_joblooij/install/eb6bebcb4f9bcd23452d653bb61ca1b0/embedded_tools/jdk/bin/java,2
/buildstore/.vscode/extensions/tiobesoftwarebv.idevscode-2024.5.5/jre-17/linux_x64/bin/java,56
/buildstore/.vscode/extensions/tiobesoftwarebv.idevscode-2024.6.0/jre-17/linux_x64/bin/java,11
/buildstore/_bazel_btorres/install/8d5f50e28a91af5bb7169f1a7a6e173a/embedded_tools/jdk/bin/java,18
/buildstore/_bazel_omhassan/install/5229af5fe4e43869fa475e361effe116/embedded_tools/jdk/bin/java,1
/buildstore/_bazel_omhassan/install/8d5f50e28a91af5bb7169f1a7a6e173a/embedded_tools/jdk/bin/java,79
/buildstore/_bazel_rmahendr/install/8d5f50e28a91af5bb7169f1a7a6e173a/embedded_tools/jdk/bin/java,110
/buildstore/_bazel_rmahendr/install/b8a069f8b7ab718c13dbfa7ea3667622/embedded_tools/jdk/bin/java,9
/buildstore/cache/bazel/_bazel_rmahendr/install/b8a069f8b7ab718c13dbfa7ea3667622/embedded_tools/jdk/bin/java,2
/buildstore/estapel_at_qbl_P984675_29_10A_int/cache/bazel-user-cache/install/8d5f50e28a91af5bb7169f1a7a6e173a/embedded_tools/jdk/bin/java,1
/home/cadappl_RHEL8/openjdk/19.0.1/openjdk/bin/java,175
/home/rmahendr/.vscode/extensions/tiobesoftwarebv.idevscode-2024.5.5/jre-17/linux_x64/bin/java,16
/home/tderove/.vscode/extensions/tiobesoftwarebv.idevscode-2024.5.5/jre-17/linux_x64/bin/java,4
/usr/lib/jvm/java-11-openjdk-11.0.25.0.9-2.el8.x86_64/bin/java,14
/usr/lib/jvm/java-17-openjdk-17.0.18.0.8-1.el8.x86_64/bin/java,25
/usr/lib/jvm/java-17-openjdk-17.0.19.0.10-1.el8.x86_64/bin/java,12
mandb,649
/usr/bin/mandb,649
run-parts,615
/usr/bin/run-parts,615
anacron,615
/usr/sbin/anacron,615
man-db.cron,614
/etc/cron.daily/man-db.cron,614
insights-client,587
/usr/bin/insights-client,587
ln,580
/usr/bin/ln,580
ccget_clnoid,527
/sdev/user/sbin/ccget_clnoid,527
ccget_cln_attr_value,527
/sdev/user/sbin/ccget_cln_attr_value,527
git-lfs,521
/home/cadappl_RHEL8/git-lfs/3.6.1/git-lfs/bin/git-lfs,11
/home/cadappl_RHEL8/git-lfs/3.7.1/git-lfs/bin/git-lfs,510
code,511
/usr/share/code/code,511
ccssh,509
/sdev/user/bin/ccssh,509
bazel,479
/buildstore/.cache/bazelisk/downloads/sha256/61d89402f0368e64b6c827be5de79d8e65382e8124c3cbb97325611a1851392e/bin/bazel,20
/buildstore/.cache/bazelisk/downloads/sha256/9860da9c9386bbc023feed8f43af3105d338727d77b644fa6aeca45a4a11957c/bin/bazel,27
/buildstore/bin/bazel,119
/buildstore/cache/bazelisk/downloads/sha256/61d89402f0368e64b6c827be5de79d8e65382e8124c3cbb97325611a1851392e/bin/bazel,11
/buildstore/cache/bazelisk/downloads/sha256/9860da9c9386bbc023feed8f43af3105d338727d77b644fa6aeca45a4a11957c/bin/bazel,89
/home/btorres/.cache/bazelisk/downloads/sha256/9860da9c9386bbc023feed8f43af3105d338727d77b644fa6aeca45a4a11957c/bin/bazel,14
/home/btorres/.yat/bin/bazel,10
/home/estapel/.cache/bazelisk/downloads/sha256/9860da9c9386bbc023feed8f43af3105d338727d77b644fa6aeca45a4a11957c/bin/bazel,17
/home/jonispe1/bin/bazel,27
/home/omhassan/.cache/bazelisk/downloads/sha256/9860da9c9386bbc023feed8f43af3105d338727d77b644fa6aeca45a4a11957c/bin/bazel,57
/home/omhassan/.cache/bazelisk/downloads/sha256/a667454f3f4f8878df8199136b82c199f6ada8477b337fae3b1ef854f01e4e2f/bin/bazel,1
/home/omhassan/bin/bazel,60
/sdev_shared/fc028data/sequencing_team/user/joblooij/vscode-cache/bazelisk/downloads/sha256/4dc8e99dfa802e252dac176d08201fd15c542ae78c448c8a89974b6f387c282c/bin/bazel,2
/sdev_shared/fc028data/sequencing_team/user/joblooij/vscode-cache/bazelisk/downloads/sha256/9860da9c9386bbc023feed8f43af3105d338727d77b644fa6aeca45a4a11957c/bin/bazel,25
ldapsearch,448
/usr/bin/ldapsearch,448
alternatives,448
/usr/sbin/alternatives,448
ccsysteminfo.bash,384
/sdev/ccadmin/cccqinstall/bin/ccsysteminfo.bash,384
rpmbuild,367
/boa_prd/jonispe1/generic-motion-hardware-abstraction-test/tmp/pact_cache/tools/https___artifactory-de_asml_com_artifactory_packaging-generic-prd-local_rpmbuild_4_14_3_rpmbuild_4_14_3_rhel8_tar_gz/rpmbuild_4.14.3/rpmbuild,18
/boa_prd/jonispe1/generic-motion-hardware-abstraction-test/tmp/pact_cache/tools/https___artifactory-de_asml_com_artifactory_packaging-generic-prd-local_rpmbuild_5_1_9_rpmbuild_5_1_9_wrl6_tar_gz/rpmbuild_5.1.9/rpmbuild,21
/buildstore/FC-025-0301A/tmp/pact_cache/tools/https___artifactory-de_asml_com_artifactory_packaging-generic-prd-local_rpmbuild_4_14_3_rpmbuild_4_14_3_rhel8_tar_gz/rpmbuild_4.14.3/rpmbuild,2
/buildstore/FC-025-0301A/tmp/pact_cache/tools/https___artifactory-de_asml_com_artifactory_packaging-generic-prd-local_rpmbuild_5_1_9_rpmbuild_5_1_9_wrl6_tar_gz/rpmbuild_5.1.9/rpmbuild,1
/buildstore/git/fc/grpc/tmp/pact_cache/tools/https___artifactory-de_asml_com_artifactory_packaging-generic-prd-local_rpmbuild_4_14_3_rpmbuild_4_14_3_rhel8_tar_gz/rpmbuild_4.14.3/rpmbuild,109
/buildstore/git/fc/grpc/tmp/pact_cache/tools/https___artifactory-de_asml_com_artifactory_packaging-generic-prd-local_rpmbuild_5_1_9_rpmbuild_5_1_9_wrl6_tar_gz/rpmbuild_5.1.9/rpmbuild,65
/buildstore/git/fc/reticle-masking_duv-1e/tmp/pact_cache/tools/https___artifactory-de_asml_com_artifactory_packaging-generic-prd-local_rpmbuild_4_14_3_rpmbuild_4_14_3_rhel8_tar_gz/rpmbuild_4.14.3/rpmbuild,17
/buildstore/git/fc/reticle-masking_duv-1e/tmp/pact_cache/tools/https___artifactory-de_asml_com_artifactory_packaging-generic-prd-local_rpmbuild_5_1_9_rpmbuild_5_1_9_wrl6_tar_gz/rpmbuild_5.1.9/rpmbuild,17
/buildstore/git/fc/system-dynamics-peripherals/tmp/pact_cache/tools/https___artifactory-de_asml_com_artifactory_packaging-generic-prd-local_rpmbuild_4_14_3_rpmbuild_4_14_3_rhel8_tar_gz/rpmbuild_4.14.3/rpmbuild,20
/buildstore/git/fc/system-dynamics-peripherals/tmp/pact_cache/tools/https___artifactory-de_asml_com_artifactory_packaging-generic-prd-local_rpmbuild_5_1_9_rpmbuild_5_1_9_wrl6_tar_gz/rpmbuild_5.1.9/rpmbuild,16
/buildstore/git/group_latestbaseline/system-dynamics-peripherals/tmp/pact_cache/tools/https___artifactory-de_asml_com_artifactory_packaging-generic-prd-local_rpmbuild_4_14_3_rpmbuild_4_14_3_rhel8_tar_gz/rpmbuild_4.14.3/rpmbuild,2
/buildstore/git/group_latestbaseline/system-dynamics-peripherals/tmp/pact_cache/tools/https___artifactory-de_asml_com_artifactory_packaging-generic-prd-local_rpmbuild_5_1_9_rpmbuild_5_1_9_wrl6_tar_gz/rpmbuild_5.1.9/rpmbuild,23
/buildstore/git/test200a/system-dynamics-peripherals/tmp/pact_cache/tools/https___artifactory-de_asml_com_artifactory_packaging-generic-prd-local_rpmbuild_4_14_3_rpmbuild_4_14_3_rhel8_tar_gz/rpmbuild_4.14.3/rpmbuild,17
/buildstore/git/test200a/system-dynamics-peripherals/tmp/pact_cache/tools/https___artifactory-de_asml_com_artifactory_packaging-generic-prd-local_rpmbuild_5_1_9_rpmbuild_5_1_9_wrl6_tar_gz/rpmbuild_5.1.9/rpmbuild,11
/buildstore/scmc/worktrees/BB-040-0025A/tmp/pact_cache/tools/https___artifactory-de_asml_com_artifactory_packaging-generic-prd-local_rpmbuild_5_1_9_rpmbuild_5_1_9_wrl6_tar_gz/rpmbuild_5.1.9/rpmbuild,6
/home/cadappl_RHEL6/wrlinux-x86/4.2/wrlinux-x86/wrlinux-4/layers/ldat-tools/host-tools-x86_64/lib64/rpm/rpmbuild,22
ksh93,354
/usr/bin/ksh93,354
crond,343
/usr/sbin/crond,343
checkmounts,341
/usr/local/sbin/checkmounts,341
certutil,328
/usr/bin/certutil,328
update-desktop-database,326
/usr/bin/update-desktop-database,326
systemd,313
/usr/lib/systemd/systemd,313
make,301
/usr/bin/make,301
starship,263
/home/btorres/.local/bin/starship,22
/home/joblooij/bin/starship,3
/home/rschulz/.local/bin/starship,238
rsync,247
/usr/bin/rsync,247
uberAgent,244
/usr/sbin/uberAgent,244
daemonize,241
/buildstore/.cache/bazel/_bazel_jonispe1/install/8d5f50e28a91af5bb7169f1a7a6e173a/daemonize,20
/buildstore/.cache/bazel/_bazel_jonispe1/install/b8a069f8b7ab718c13dbfa7ea3667622/daemonize,19
/buildstore/.cache/bazel/estapel/_bazel_estapel/install/8d5f50e28a91af5bb7169f1a7a6e173a/daemonize,14
/buildstore/.cache/bazel/estapel/_bazel_estapel/install/b8a069f8b7ab718c13dbfa7ea3667622/daemonize,3
/buildstore/.cache/bazel/joblooij/_bazel_joblooij/install/8d5f50e28a91af5bb7169f1a7a6e173a/daemonize,23
/buildstore/.cache/bazel/joblooij/_bazel_joblooij/install/eb6bebcb4f9bcd23452d653bb61ca1b0/daemonize,2
/buildstore/_bazel_btorres/install/8d5f50e28a91af5bb7169f1a7a6e173a/daemonize,13
/buildstore/_bazel_omhassan/install/8d5f50e28a91af5bb7169f1a7a6e173a/daemonize,47
/buildstore/_bazel_rmahendr/install/8d5f50e28a91af5bb7169f1a7a6e173a/daemonize,88
/buildstore/_bazel_rmahendr/install/b8a069f8b7ab718c13dbfa7ea3667622/daemonize,9
/buildstore/cache/bazel/_bazel_rmahendr/install/b8a069f8b7ab718c13dbfa7ea3667622/daemonize,2
/buildstore/estapel_at_qbl_P984675_29_10A_int/cache/bazel-user-cache/install/8d5f50e28a91af5bb7169f1a7a6e173a/daemonize,1
dbus-daemon,234
/usr/bin/dbus-daemon,234
pdm,230
/home/btorres/.local/share/pipx/venvs/pdm/bin/pdm,230
podman,229
/usr/bin/podman,229
ldconfig,220
/usr/sbin/ldconfig,220
scp,215
/usr/bin/scp,215
master,199
/usr/libexec/postfix/master,199
sssd_be,189
/usr/libexec/sssd/sssd_be,189
qmgr,177
/usr/libexec/postfix/qmgr,177
python3.8,173
/home/cadappl_RHEL8/python3/3.8.0/python3/bin/python3.8,173
collect_workspace_info_wrapper,171
/sdev/user/share/collect_workspace_info/collect_workspace_info_wrapper,171
firefox-bin,167
/home/cadappl_RHEL7/firefox/118.0.1/firefox/firefox-bin,1
/home/cadappl_RHEL8/firefox/139.0.4/firefox/firefox-bin,1
/home/cadappl_RHEL8/firefox/144.0/firefox/firefox-bin,163
/home/cadappl_RHEL8/firefox/149.0/firefox/firefox-bin,1
/home/rmahendr/firefox/firefox-bin,1
NetworkManager,166
/usr/sbin/NetworkManager,166
firefox.wrapper,164
/home/cadappl_RHEL8/firefox/139.0.4/wrapper/firefox.wrapper,1
/home/cadappl_RHEL8/firefox/144.0/wrapper/firefox.wrapper,163
ctxvector,162
/opt/Citrix/VDA/bin/ctxvector,162
sssd,160
/usr/sbin/sssd,160
geckodriver,159
/home/btoader/bin/geckodriver,159
dotnet,156
/usr/lib64/dotnet/dotnet,156
python3.wrapper,144
/home/cadappl_RHEL8/python3/3.10.5/wrapper/python3.wrapper,4
/home/cadappl_RHEL8/python3/3.12.6/wrapper/python3.wrapper,139
/home/cadappl_RHEL8/python3/3.8.0/wrapper/python3.wrapper,1
reconstruct,137
/buildstore/bin/reconstruct,27
/buildstore/git/fc-023/worktrees/BB-023-0007A/reconstruct,18
/buildstore/git/fc-023/worktrees/BB-023-0008A/reconstruct,7
/buildstore/git/fc-023/worktrees/BB-023-0010A/reconstruct,4
/buildstore/git/fc-023/worktrees/BB-023-0011A/reconstruct,3
/buildstore/git/fc-0326/worktrees/BB-326-0020A/reconstruct,10
/buildstore/git/fc-0326/worktrees/ws-0020A/reconstruct,7
/buildstore/git/shadow-bazel-fc-023-back/reconstruct,1
/buildstore/scmc/worktrees/BB-040-0025A/reconstruct,1
/home/btorres/.cache/launchR/downloads/v10.97.0/reconstruct,1
/home/joblooij/bin/reconstruct,7
/home/jonispe1/.cache/launchR/downloads/10.122.0/reconstruct,4
/home/jonispe1/bin/reconstruct,4
/home/omhassan/.cache/launchR/downloads/v10.42.0/reconstruct,3
/home/omhassan/.cache/launchR/downloads/v10.92.0/reconstruct,5
/home/omhassan/bin/reconstruct,12
/home/rmahendr/.cache/launchR/downloads/10.131.0/reconstruct,10
/home/rmahendr/.cache/launchR/downloads/10.133.0/reconstruct,11
/home/rmahendr/.cache/launchR/downloads/10.139.0/reconstruct,1
/home/rmahendr/.cache/launchR/downloads/10.139.1/reconstruct,1
conmon,134
/usr/bin/conmon,134
encrypt_python.bin,132
/buildstore/_bazel_rmahendr/1a542c6378d172af3aab2f84ceeed936/external/rules_asml_python_default_PY2/encrypt_python.bin,132
build_env.plugin.sh,132
/vobs/vb10/acd_dbc/xscm/build_env.plugin.sh,1
/vobs/vb102/acd_uls/xscm/build_env.plugin.sh,2
/vobs/vb109/acd_synchronization/xscm/build_env.plugin.sh,1
/vobs/vb116/acd_ls_ag/xscm/build_env.plugin.sh,2
/vobs/vb117/acd_dyn_peripheral_common/xscm/build_env.plugin.sh,17
/vobs/vb125/acd_rga_euv/xscm/build_env.plugin.sh,1
/vobs/vb130/acd_wh_euv_gen1/xscm/build_env.plugin.sh,1
/vobs/vb143/acd_common_fac/xscm/build_env.plugin.sh,2
/vobs/vb151/acd_wtc_common/xscm/build_env.plugin.sh,1
/vobs/vb156/acd_wh_common/xscm/build_env.plugin.sh,1
/vobs/vb157/acd_ls_common/xscm/build_env.plugin.sh,2
/vobs/vb158/acd_ls_ag_common/xscm/build_env.plugin.sh,3
/vobs/vb181/acd_proj_duv/xscm/build_env.plugin.sh,2
/vobs/vb195/acd_wh_euv_gen2/xscm/build_env.plugin.sh,1
/vobs/vb224/acd_wh_duv/xscm/build_env.plugin.sh,1
/vobs/vb231/acd_euv_aldi/xscm/build_env.plugin.sh,1
/vobs/vb233/acd_ls_uv/xscm/build_env.plugin.sh,4
/vobs/vb237/acd_eb_application/xscm/build_env.plugin.sh,2
/vobs/vb255/acd_ls_vis/xscm/build_env.plugin.sh,3
/vobs/vb258/acd_wtc_duv/xscm/build_env.plugin.sh,1
/vobs/vb259/acd_wtc_euv/xscm/build_env.plugin.sh,1
/vobs/vb28/acd_dyn_peripheral_euv/xscm/build_env.plugin.sh,16
/vobs/vb295/acd_dyn_application_common/xscm/build_env.plugin.sh,12
/vobs/vb307/acd_dyn_application_duv/xscm/build_env.plugin.sh,14
/vobs/vb324/acd_wh_common_components/xscm/build_env.plugin.sh,1
/vobs/vb360/40224348406/xscm/build_env.plugin.sh,1
/vobs/vb366/acd_dyn_application_euv/xscm/build_env.plugin.sh,17
/vobs/vb399/acd_rs_duv/xscm/build_env.plugin.sh,1
/vobs/vb403/acd_dyn_peripheral_duv/xscm/build_env.plugin.sh,16
/vobs/vb447/acd_wh_duv_common/xscm/build_env.plugin.sh,2
/vobs/vb6/acd_wh_euv/xscm/build_env.plugin.sh,1
/vobs/vb82/acd_rema_duv/xscm/build_env.plugin.sh,1
ctxvda,132
/opt/Citrix/VDA/sbin/ctxvda,132
yat,131
/buildstore/exodus-own/.venv/bin/yat,130
/home/btorres/Downloads/yat,1
logrotate,124
/etc/cron.daily/logrotate,62
/usr/sbin/logrotate,62
fuse-overlayfs,117
/usr/bin/fuse-overlayfs,117
cqperl_main,116
/opt/hcl/compass/linux_x86_64/bin/cqperl_main,116
nvim,116
/home/cadappl_RHEL8/neovim/0.11.0/neovim/bin/nvim,74
/home/cadappl_RHEL8/neovim/0.12.1/neovim/bin/nvim,22
/tmp/.mount_nvimAjCeMC/usr/bin/nvim,2
/tmp/.mount_nvimAJcMDF/usr/bin/nvim,2
/tmp/.mount_nvimDEIMfg/usr/bin/nvim,2
/tmp/.mount_nvimENMFiK/usr/bin/nvim,2
/tmp/.mount_nvimNFpgaE/usr/bin/nvim,2
/tmp/.mount_nvimnJjejh/usr/bin/nvim,2
/tmp/.mount_nvimOaNBIK/usr/bin/nvim,2
/tmp/.mount_nvimpELlDm/usr/bin/nvim,2
/tmp/.mount_nvimpHHdhG/usr/bin/nvim,2
/tmp/.mount_nvimpJenMM/usr/bin/nvim,2
tee,115
/usr/bin/tee,115
ctxgfx,113
/opt/Citrix/VDA/bin/ctxgfx,113
pact,113
/boa_prd/jonispe1/generic-motion-hardware-abstraction-test/.venv/bin/pact,4
/boa_prd/jonispe1/shadow-bazel-fc-025/BB-025-0016A/.venv/bin/pact,1
/boa_prd/jonispe1/shadow-bazel-fc-025/BB-025-0111A/.venv/bin/pact,3
/buildstore/git/.venv/bin/pact,4
/buildstore/git/fc/grpc/.venv/bin/pact,50
/buildstore/git/fc/reticle-masking_duv-1e/.venv/bin/pact,7
/buildstore/git/fc/system-dynamics-peripherals/.venv/bin/pact,2
/buildstore/git/group_latestbaseline/system-dynamics-peripherals/.venv/bin/pact,7
/buildstore/git/software-facilities-common/pf_at_qbl_P982771_fix_fc028_bazel/.venv/bin/pact,1
/buildstore/git/test200a/system-dynamics-peripherals/.venv/bin/pact,6
/buildstore/shadow-bazel-fc-025/.venv/bin/pact,6
/buildstore/shadow-bazel-fc-025/BB-025-0111A/.venv/bin/pact,5
/home/estapel/.local/bin/pact,10
/usr/local/bin/pact,7
ccmake,109
/sdev/user/bin/ccmake,109
ctwrapper-transport-env,107
/sdev/user/sbin/ctwrapper-transport-env,107
ruby,105
/home/cadappl_RHEL8/ruby/2.7.5/ruby/bin/ruby,37
/opt/puppetlabs/puppet/bin/ruby,68
ctxloginsession,103
/opt/Citrix/VDA/bin/ctxloginsession,103
ctxlogin,103
/opt/Citrix/VDA/bin/ctxlogin,103
ctxsession.sh,103
/opt/Citrix/VDA/bin/ctxsession.sh,103
mkbl.plugin.sh,102
/vobs/vb10/acd_dbc/xscm/mkbl.plugin.sh,4
/vobs/vb102/acd_uls/xscm/mkbl.plugin.sh,4
/vobs/vb109/acd_synchronization/xscm/mkbl.plugin.sh,4
/vobs/vb116/acd_ls_ag/xscm/mkbl.plugin.sh,4
/vobs/vb117/acd_dyn_peripheral_common/xscm/mkbl.plugin.sh,4
/vobs/vb125/acd_rga_euv/xscm/mkbl.plugin.sh,4
/vobs/vb130/acd_wh_euv_gen1/xscm/mkbl.plugin.sh,4
/vobs/vb143/acd_common_fac/xscm/mkbl.plugin.sh,6
/vobs/vb151/acd_wtc_common/xscm/mkbl.plugin.sh,4
/vobs/vb156/acd_wh_common/xscm/mkbl.plugin.sh,2
/vobs/vb157/acd_ls_common/xscm/mkbl.plugin.sh,2
/vobs/vb158/acd_ls_ag_common/xscm/mkbl.plugin.sh,2
/vobs/vb181/acd_proj_duv/xscm/mkbl.plugin.sh,4
/vobs/vb195/acd_wh_euv_gen2/xscm/mkbl.plugin.sh,2
/vobs/vb224/acd_wh_duv/xscm/mkbl.plugin.sh,2
/vobs/vb231/acd_euv_aldi/xscm/mkbl.plugin.sh,4
/vobs/vb233/acd_ls_uv/xscm/mkbl.plugin.sh,2
/vobs/vb237/acd_eb_application/xscm/mkbl.plugin.sh,4
/vobs/vb255/acd_ls_vis/xscm/mkbl.plugin.sh,2
/vobs/vb258/acd_wtc_duv/xscm/mkbl.plugin.sh,1
/vobs/vb259/acd_wtc_euv/xscm/mkbl.plugin.sh,2
/vobs/vb28/acd_dyn_peripheral_euv/xscm/mkbl.plugin.sh,1
/vobs/vb295/acd_dyn_application_common/xscm/mkbl.plugin.sh,2
/vobs/vb307/acd_dyn_application_duv/xscm/mkbl.plugin.sh,2
/vobs/vb324/acd_wh_common_components/xscm/mkbl.plugin.sh,4
/vobs/vb360/40224348406/xscm/mkbl.plugin.sh,4
/vobs/vb366/acd_dyn_application_euv/xscm/mkbl.plugin.sh,2
/vobs/vb392/acd_scm/xscm/mkbl.plugin.sh,2
/vobs/vb399/acd_rs_duv/xscm/mkbl.plugin.sh,4
/vobs/vb403/acd_dyn_peripheral_duv/xscm/mkbl.plugin.sh,2
/vobs/vb447/acd_wh_duv_common/xscm/mkbl.plugin.sh,4
/vobs/vb6/acd_wh_euv/xscm/mkbl.plugin.sh,2
/vobs/vb82/acd_rema_duv/xscm/mkbl.plugin.sh,6
gnome-session-binary,102
/usr/libexec/gnome-session-binary,102
ctxhdx,100
/opt/Citrix/VDA/bin/ctxhdx,100
grub2-set-bootflag,96
/usr/sbin/grub2-set-bootflag,96
topmake,93
/boa_prd/pnachev/tmpp/features/mock/topmake,93
gnome-terminal-server,88
/usr/libexec/gnome-terminal-server,88
runner,86
/buildstore/.cache/bazel/_bazel_jonispe1/2a51af735dbb9ff4a7b76e62dafac892/external/self/runner,13
/buildstore/.cache/bazel/_bazel_jonispe1/a1b947492321dcffc7c5b450d81e01f1/external/self/runner,15
/buildstore/.cache/bazel/_bazel_jonispe1/e8a549d37f8968def682822600fed353/external/self/runner,4
/buildstore/.cache/bazel/estapel/_bazel_estapel/0d9f6eea5e190e3a9ae3ee95427f3edc/external/self/runner,2
/buildstore/.cache/bazel/estapel/_bazel_estapel/2b5bc9958871ced05e204d2c1d166717/external/self/runner,1
/buildstore/.cache/bazel/estapel/_bazel_estapel/b7c4c1ccd7cf0b25fb8b32ed16539365/external/self/runner,1
/buildstore/.cache/bazel/joblooij/_bazel_joblooij/689fc138e2cb478143243ae4e0d691a6/external/self/runner,1
/buildstore/.cache/bazel/joblooij/_bazel_joblooij/b3640235374b41fe14d71ccbe71210bd/external/self/runner,1
/buildstore/.cache/bazel/joblooij/_bazel_joblooij/ced6505cfb049426fa3ac4930d9afc0f/external/self/runner,1
/buildstore/_bazel_btorres/1d2d78a9671fe91396c3e8dad2f80e04/external/self/runner,2
/buildstore/_bazel_btorres/a41a184828897dffbf262d7120cd3f0c/external/self/runner,1
/buildstore/_bazel_omhassan/8bc74f3af8f4433582e3062a7e774891/external/self/runner,9
/buildstore/_bazel_omhassan/a71070dac6475db1df0220b3f49bcf20/external/self/runner,2
/buildstore/_bazel_omhassan/ad6f0d46ac3485b6ce0e1739f5d9c8e0/external/self/runner,2
/buildstore/_bazel_omhassan/cd5fee478353c1a1a28dc7db4d9e9159/external/self/runner,8
/buildstore/_bazel_omhassan/fa310bb9b7d483e02185838255002831/external/self/runner,4
/buildstore/_bazel_rmahendr/1a542c6378d172af3aab2f84ceeed936/external/self/runner,9
/buildstore/_bazel_rmahendr/83eed886f947ece4196b5e8b6663b711/external/self/runner,10
pre-push,86
/boa_prd/mpiasevo/git_hooks/pre-push,4
/boa_prd/rschulz/mee-ica-2/.git/hooks/pre-push,10
/boa_prd/rschulz/mee-ica-3/.git/hooks/pre-push,11
/boa_prd/scifuent/leveling/51-1/.git/hooks/pre-push,1
/boa_prd/scifuent/leveling/dai-2/.git/hooks/pre-push,3
/buildstore/ispo-euv/.git/hooks/pre-push,3
/buildstore/mirror-for-bazel-migration/.git/hooks/pre-push,1
/buildstore/tmp/tmp-emulate-3c7c437b-0e38-4a9e-8c2f-c300bc75260e/shadow-bazel-fc-023/.git/hooks/pre-push,15
/buildstore/tmp/tmp-emulate-ac0a542f-8e47-4c9c-9c28-fa72de0a46c7/shadow-bazel-fc-023-back/.git/hooks/pre-push,19
/buildstore/tmp/tmp-emulate-bc2c3750-b20a-4c16-b588-1cc38183f325/shadow-bazel-fc-326/.git/hooks/pre-push,19
ctxlpmngt,86
/opt/Citrix/VDA/bin/ctxlpmngt,86
gcc,84
/home/cadappl_RHEL6/gcc/4.4.2/gcc/bin/gcc,4
/usr/bin/gcc,80
openjdk.wrapper,83
/home/cadappl_RHEL8/openjdk/19.0.1/wrapper/openjdk.wrapper,83
gtk-update-icon-cache,83
/usr/bin/gtk-update-icon-cache,83
generate-patch.sh,82
/sdev/user/share/generate_patch/6.7.0/bin/generate-patch.sh,59
/sdev/user/share/generate_patch/6.7.1/bin/generate-patch.sh,6
/sdev/user/share/generate_patch/6.7.3/bin/generate-patch.sh,17
generate-patch,82
/sdev/user/share/generate_patch/6.7.0/bin/generate-patch/generate-patch,59
/sdev/user/share/generate_patch/6.7.1/bin/generate-patch/generate-patch,6
/sdev/user/share/generate_patch/6.7.3/bin/generate-patch/generate-patch,17
ctxlogd,80
/opt/Citrix/VDA/bin/ctxlogd,80
ccupd_bldenv,79
/sdev/user/acc/bin/ccupd_bldenv,9
/sdev/user/bin/ccupd_bldenv,70
albd_server,78
/opt/hcl/ccm/versionvault/linux_x86_64/etc/albd_server,78
runc,71
/usr/bin/runc,71
ccget_config,66
/vobs/vb1/scm/build/ccget_config,66
cat,66
/usr/bin/cat,66
ccset_buildscope,65
/sdev/user/bin/ccset_buildscope,65
Xorg,64
/usr/libexec/Xorg,64
ruff,61
/home/btorres/.cache/pre-commit/repo8lgqf97c/py_env-python3/bin/ruff,61
prowink,60
/sdev/user/sbin/prowink,60
auditd,58
/usr/sbin/auditd,58
generateCachedData.pl,56
/sdev/user/sbin/generateCachedData.pl,56
configDetails.pl,56
/sdev/user/bin/configDetails.pl,56
firefox,55
/usr/lib64/firefox/firefox,55
user_tools.ksh,53
/vobs/vb1/scm/context/user_tools.ksh,53
cc1,52
/usr/libexec/gcc/x86_64-redhat-linux/8/cc1,52
xargs,51
/usr/bin/xargs,51
mntrpc_server,51
/opt/hcl/ccm/versionvault/linux_x86_64/etc/mntrpc_server,51
nautilus,51
/usr/bin/nautilus,51
scope-converter,51
/home/joblooij/.local/bin/scope-converter,3
/home/mpiasevo/.local/bin/scope-converter,20
/home/pnachev/.local/bin/scope-converter,17
/home/rschulz/.local/bin/scope-converter,9
/home/scifuent/.local/bin/scope-converter,2
gdk-pixbuf-query-loaders-64,50
/usr/bin/gdk-pixbuf-query-loaders-64,50
journalctl,50
/usr/bin/journalctl,50
gnome-shell,49
/usr/bin/gnome-shell,49
ccrebase_config,49
/sdev/user/bin/ccrebase_config,49
neovim.wrapper,48
/home/cadappl_RHEL8/neovim/0.11.0/wrapper/neovim.wrapper,37
/home/cadappl_RHEL8/neovim/0.12.1/wrapper/neovim.wrapper,11
ccget_buildscope,48
/sdev/user/bin/ccget_buildscope,48
script,47
/usr/bin/script,47
bundle,47
/home/cadappl_RHEL8/ruby/2.7.5/ruby/bin/bundle,47
vim,46
/home/cadappl_RHEL8/vim/9.0.2181/vim/bin/vim,24
/usr/bin/vim,22
gem,42
/home/cadappl_RHEL8/ruby/2.7.5/ruby/bin/gem,42
gvfsd-metadata,41
/usr/libexec/gvfsd-metadata,41
dracut,40
/usr/bin/dracut,40
ccmk_view,39
/sdev/ccadmin/sbin/ccmk_view,39
wdavdaemon,39
/opt/microsoft/mdatp/sbin/wdavdaemon,39
ccmk_dumbo,38
/sdev/user/bin/ccmk_dumbo,38
gedit,38
/usr/bin/gedit,38
check-libref,36
/vobs/vb1/scm/.caddir/libref/check-libref/bin/check-libref,36
systemctl,36
/usr/bin/systemctl,36
ccboot_env,35
/sdev/user/sbin/ccboot_env,35
collect2,34
/home/cadappl_RHEL6/gcc/4.4.2/gcc/libexec/gcc/x86_64-unknown-linux-gnu/4.4.2/collect2,4
/usr/libexec/gcc/x86_64-redhat-linux/8/collect2,30
single_user_check,34
/home/nknoors/bin/single_user_check,34
rpc.statd,34
/usr/sbin/rpc.statd,34
4line,34
/home/nknoors/bin/4line,34
ld.bfd,34
/usr/bin/ld.bfd,34
gedit_org,33
/usr/bin/gedit_org,33
install,31
/usr/bin/install,31
uv,31
/buildstore/git/emulate-it/.venv/bin/uv,1
/buildstore/git/fc/bb0221020a/.venv/bin/uv,1
/home/estapel/.local/bin/uv,5
/home/jastam/.local/bin/uv,1
/home/joblooij/.local/bin/uv,20
/home/rvidrasc/bin/uv,3
install-info,29
/usr/sbin/install-info,29
git-remote-https,29
/home/cadappl_RHEL8/git/2.52.0/git/libexec/git-core/git-remote-https,29
bazelisk,29
/home/joblooij/bin/bazelisk,29
cloudtest,29
/home/jonispe1/Downloads/cloudtest,14
/home/sa-tarenatwin/TestArena/bin/cloudtest,7
/home/sa-tarenatwin/TestArena/cloudtest,7
/home/sa-tarenatwin/TestArenaDev/bin/cloudtest,1
check-security,28
/sdev/cwbd-plugin/check-security/current/check-security,28
gtc,28
/home/cadappl_RHEL8/gtc_tool/1.4.1_beta/gtc_tool/gtc,9
/home/cadappl_RHEL8/gtc_tool/1.5.5/gtc_tool/gtc,19
check-validate-vp-evp-mapping,28
/sdev/cwbd-plugin/check-validate-vp-evp-mapping/current/check-validate-vp-evp-mapping,28
cwbd_adm,27
/sdev/user/bin/cwbd_adm,27
cwbd,27
/sdev/user/bin/cwbd,27
python3.10,26
/home/cadappl_RHEL8/python3/3.10.5/python3/bin/python3.10,26
node,26
/home/cadappl_RHEL8/nodejs/22.1.0/nodejs/bin/node,24
/vscode/vscode-server/bin/linux-x64/0958016b2af9f09bb4257e0df4a95e2f90590f9f/node,2
udevadm,25
/usr/bin/udevadm,25
systemd-hwdb,25
/usr/bin/systemd-hwdb,25
update-crypto-policies.py,25
/usr/share/crypto-policies/python/update-crypto-policies.py,25
generate.sh,24
/boa_prd/jonispe1/pkgdiff/generate.sh,14
/buildstore/git/group_latestbaseline/pkgdiff/generate.sh,4
/home/omhassan/bin/pkgdiff/generate.sh,6
python,24
/home/cadappl_RHEL6/python/2.7/python/bin/python,24
ccrm_view,22
/sdev/user/bin/ccrm_view,22
TICS,22
/sdev/qa/tics/TICS,22
copy_to_clearcase.sh,21
/boa_prd/jonispe1/generic-motion-hardware-abstraction-test/copy_to_clearcase.sh,19
/buildstore/shadow-bazel-fc-025/copy_to_clearcase.sh,2
ccrm_dumbo,21
/sdev/user/bin/ccrm_dumbo,21
python3.14,21
/usr/lib64/google-cloud-sdk/platform/bundledpythonunix/bin/python3.14,21
python2.7,21
/home/cadappl_RHEL6/python/2.7.14/python/bin/python2.7,4
/home/cadappl_RHEL8/python/2.7.18/python/bin/python2.7,17
pre-commit,21
/home/btorres/.local/share/pipx/venvs/pre-commit/bin/pre-commit,21
dracut-initramfs-restore,21
/usr/lib/dracut/dracut-initramfs-restore,21
cqintsvr_main,20
/opt/hcl/compass/linux_x86_64/bin/cqintsvr_main,20
ccget_changes,19
/sdev/user/bin/ccget_changes,19
iconvconfig,18
/usr/sbin/iconvconfig,18
searchLDAP.pl,18
/home/nknoors/bin/searchLDAP.pl,18
ccgzip,18
/opt/hcl/ccm/versionvault/linux_x86_64/etc/ccgzip,18
bazelisk-linux-amd64,18
/home/estapel/bin/bazelisk-linux-amd64,18
ctxjproxy,18
/opt/Citrix/VDA/sbin/ctxjproxy,18
run_plugin_scripts.pl,17
/sdev/user/acc/bin/run_plugin_scripts.pl,6
/sdev/user/sbin/run_plugin_scripts.pl,11
ibus-daemon,17
/usr/bin/ibus-daemon,17
log_rotate,16
/sdev/user/sbin/log_rotate,16
ccget_privfiles,16
/sdev/user/bin/ccget_privfiles,16
neon.bin,15
/home/joblooij/.nuitka_tmp_neon/neon.bin,2
/home/mpiasevo/.nuitka_tmp_neon/neon.bin,5
/home/pnachev/.nuitka_tmp_neon/neon.bin,6
/home/scifuent/.nuitka_tmp_neon/neon.bin,2
ccrebase,15
/sdev/user/bin/ccrebase,15
neon,15
/home/cadappl_RHEL8/neon/2.14.1/neon/bin/neon,1
/home/cadappl_RHEL8/neon/2.15.0/neon/bin/neon,1
/home/cadappl_RHEL8/neon/2.19.1/neon/bin/neon,13
ccrebase_config_validate.pl,14
/sdev/user/sbin/ccrebase_config_validate.pl,14
eclipse,14
/opt/hcl/compass/rcp/eclipse,14
check-duplicate-scopefiles,14
/sdev/cwbd-plugin/check-duplicate-scopefiles/current/check-duplicate-scopefiles,14
ccrebase_config_check.pl,14
/sdev/user/bin/ccrebase_config_check.pl,14
pip3,14
/buildstore/git/emulate-it/.venv/bin/pip3,2
/buildstore/git/fc/bb0221020a/.venv/bin/pip3,1
/home/cadappl_RHEL8/python3/3.12.6/python3/bin/pip3,9
/home/joblooij/.local/bin/pip3,2
clearquest,14
/sdev/user/bin/clearquest,14
overridden_config.pl,14
/sdev/user/bin/overridden_config.pl,14
puppet,14
/opt/puppetlabs/puppet/bin/puppet,14
check-vp-interface,14
/sdev/cwbd-plugin/check-vp-interface/current/check-vp-interface,14
ccget_activities,14
/sdev/user/bin/ccget_activities,14
Zmgr,12
/opt/hcl/ccm/versionvault/linux_x86_64/lib/mgrs/z_whole_copy/Zmgr,12
ccdeliver_config,12
/sdev/user/bin/ccdeliver_config,12
pip,12
/boa_prd/joblooij/FC-28_SWAI/no-wt/.python/generateCoco/venv/bin/pip,2
/buildstore/.yat/pdf-venv/bin/pip,1
/home/btorres/.local/bin/pip,4
/home/btorres/.yat/pdf-venv/bin/pip,1
/workspace/.venv/bin/pip,4
SenseImdsCollector,12
/opt/microsoft/mdatp/sbin/SenseImdsCollector,12
kmod,12
/usr/bin/kmod,12
compare_buildscope_xcdrc.pl,12
/sdev/user/sbin/compare_buildscope_xcdrc.pl,12
less,11
/usr/bin/less,11
eda_scan,11
/dgagent/eda_scan,11
ccrun_obi,11
/sdev/user/share/ccrun_obi/bin/ccrun_obi,11
lsm_sim,11
/home/tderove/Data/RK4/lsm_sim,11
dgload,11
/dgagent/dgload,11
cleanlogs.sh,10
/opt/hcl/ccm/versionvault/config/scheduler/tasks/cleanlogs.sh,10
exportRedesign_copy.pl,10
/sdev/user/sbin/Arch/common/exportRedesign_copy.pl,10
sublime_text,10
/home/cadappl_RHEL8/sublime_text/4169/sublime_text/sublime_text,10
nonASCII_check,10
/sdev/user/bin/nonASCII_check,10
sefcontext_compile,10
/usr/sbin/sefcontext_compile,10
tmux,10
/home/cadappl_RHEL8/tmux/3.3a/tmux/bin/tmux,7
/usr/bin/tmux,3
vi,10
/usr/bin/vi,10
yum-control,10
/usr/local/bin/yum-control,10
tar,10
/home/cadappl_RHEL6/gtar/1.30/gtar/bin/tar,5
/usr/bin/tar,5
postfix-script,10
/usr/libexec/postfix/postfix-script,10
wget,9
/usr/bin/wget,9
su,9
/usr/bin/su,9
bcommand,9
/sdev/user/sbin/bcommand,9
gzip,9
/home/cadappl_RHEL6/gzip/1.2.4/gzip/bin/gzip,5
/usr/bin/gzip,4
grep,9
/usr/bin/grep,9
update-mime-database,8
/usr/bin/update-mime-database,8
tracker-miner-apps,8
/usr/libexec/tracker-miner-apps,8
semodule,8
/usr/sbin/semodule,8
ctxceip,8
/opt/Citrix/VDA/bin/ctxceip,8
clone_check,8
/sdev/user/sbin/clone_check,8
bcompare,8
/home/cadappl_RHEL7/bcompare/4.3.5/bcompare/bin/bcompare,4
/home/cadappl_RHEL7/bcompare/4.3.5/bcompare/lib64/beyondcompare/BCompare,4
buildozer,8
/home/joblooij/bin/buildozer,1
/home/jonispe1/bin/buildozer,4
/home/omhassan/bin/buildozer,3
gpg,8
/usr/bin/gpg,8
ccmk_bl,7
/sdev/user/bin/ccmk_bl,7
packager,7
/boa_prd/mpiasevo/.gem/bin/packager,7
xwait_audit.pl,7
/sdev/user/sbin/xwait_audit.pl,7
g++,7
/usr/bin/g++,7
rustc,7
/home/joblooij/.rustup/toolchains/stable-x86_64-unknown-linux-gnu/bin/rustc,7
kr_scp_host_script.sh,6
/home/smarti14/kr_scp_host_script.sh,6
check-rpdep,6
/sdev/cwbd-plugin/check-rpdep/current/check-rpdep,6
mkdocs,6
/buildstore/exodus-own/.venv/bin/mkdocs,5
/home/btorres/.local/bin/mkdocs,1
ccrepl_clns,6
/sdev/user/sbin/ccrepl_clns,6
install_pact.sh,6
/buildstore/git/group_latestbaseline/system-dynamics-peripherals/install_pact.sh,2
/buildstore/git/test200a/system-dynamics-peripherals/install_pact.sh,4
pipx,6
/home/btorres/.local/bin/pipx,6
excgen,6
/buildstore/_bazel_rmahendr/1a542c6378d172af3aab2f84ceeed936/sandbox/linux-sandbox/3162/execroot/_main/tmp/excgen,1
/buildstore/_bazel_rmahendr/1a542c6378d172af3aab2f84ceeed936/sandbox/linux-sandbox/3177/execroot/_main/tmp/excgen,1
/buildstore/_bazel_rmahendr/1a542c6378d172af3aab2f84ceeed936/sandbox/linux-sandbox/3190/execroot/_main/tmp/excgen,1
/buildstore/_bazel_rmahendr/1a542c6378d172af3aab2f84ceeed936/sandbox/linux-sandbox/3202/execroot/_main/tmp/excgen,1
/buildstore/_bazel_rmahendr/1a542c6378d172af3aab2f84ceeed936/sandbox/linux-sandbox/3214/execroot/_main/tmp/excgen,1
/buildstore/_bazel_rmahendr/1a542c6378d172af3aab2f84ceeed936/sandbox/linux-sandbox/5360/execroot/_main/tmp/excgen,1
pkg2export,6
/sdev/user/sbin/Arch/common/pkg2export,6
check-pkgfile,6
/sdev/cwbd-plugin/check-pkgfile/current/check-pkgfile,6
ccfind_missing_components,6
/sdev/user/bin/ccfind_missing_components,6
cclst_asmlcomps,6
/sdev/user/bin/cclst_asmlcomps,6
gio-querymodules-64,6
/usr/bin/gio-querymodules-64,6
kernel-install,6
/usr/bin/kernel-install,6
bdtm,6
/opt/hcl/ccm/versionvault/linux_x86_64/lib/mgrs/binary_delta/bdtm,6
assembly_scopefile_violation.pl,6
/sdev/user/bin/assembly_scopefile_violation.pl,6
glib-compile-schemas,6
/usr/bin/glib-compile-schemas,6
run_mkbl_plugin_scripts.sh,6
/sdev/user/sbin/run_mkbl_plugin_scripts.sh,6
ctxcdmd,5
/opt/Citrix/VDA/bin/ctxcdmd,5
emulate-it,5
/buildstore/emulate-it/.venv/bin/emulate-it,5
cmake,5
/home/cadappl_RHEL8/cmake/3.24.2/cmake/bin/cmake,5
export-info-generator,5
/home/mpiasevo/.local/bin/export-info-generator,5
vpi_encrypt,5
/buildstore/_bazel_rmahendr/1a542c6378d172af3aab2f84ceeed936/external/rules_xvpi_default_linux/vpi_encrypt,5
splunkd,5
/opt/splunkforwarder/bin/splunkd,5
gvfsd,5
/usr/libexec/gvfsd,5
gfc,4
/buildstore/gfc/.venv/bin/gfc,3
/home/omhassan/.local/bin/gfc,1
install_pact_and_devbenchsync.sh,4
/buildstore/git/fc/grpc/install_pact_and_devbenchsync.sh,2
/buildstore/git/fc/reticle-masking_duv-1e/install_pact_and_devbenchsync.sh,1
/buildstore/git/fc/system-dynamics-peripherals/install_pact_and_devbenchsync.sh,1
asml_pdf,4
/buildstore/.yat/pdf-venv/bin/asml_pdf,4
ccupd_modcomps,4
/sdev/user/bin/Arch/common/ccupd_modcomps,4
bazel-8.5.1-linux-x86_64,4
/buildstore/git/fc-023/worktrees/BB-023-0008A/bazel-8.5.1-linux-x86_64,1
/buildstore/scmc/worktrees/BB-040-0025A/bazel-8.5.1-linux-x86_64,3
gdb,4
/home/cadappl_RHEL8/gdb/7.5.1/gdb/bin/gdb,4
git_clean_remote,4
/home/rschulz/bin/git_clean_remote,4
check-depint,4
/sdev/cwbd-plugin/check-depint/current/check-depint,4
ccjoin_proj,4
/sdev/user/bin/ccjoin_proj,4
ccset_bl_stat,4
/sdev/user/bin/ccset_bl_stat,4
patch,4
/usr/bin/patch,4
g-target.sh,4
/sdev_shared/fc029tools/DART_Tooling/g-target/g-target.sh,4
gvfsd-trash,4
/usr/libexec/gvfsd-trash,4
kvoop,3
/dgagent/ACI/kv/kvoop,3
gunzip,3
/home/cadappl_RHEL6/gzip/1.2.4/gzip/bin/gunzip,3
ccboot_stream,3
/sdev/user/sbin/ccboot_stream,3
network,3
/etc/vmware-tools/scripts/vmware/network,3
asml_ldap,3
/workspace/.venv/bin/asml_ldap,3
export_cleanup,3
/vobs/vb1/scm/build/export_cleanup,3
midas,3
/sdev_shared/fc040tools/IURI-Domain/MIDAS/bin/midas,3
python3.11,3
/buildstore/_bazel_rmahendr/1a542c6378d172af3aab2f84ceeed936/external/python3_11_x86_64-unknown-linux-gnu/bin/python3.11,3
git_clean_branches,3
/home/rschulz/bin/git_clean_branches,3
xdping,3
/opt/Citrix/VDA/bin/xdping,3
ansible-playbook,3
/usr/bin/ansible-playbook,3
MathWorksServiceHost,3
/home/rschulz/.MathWorks/ServiceHost/-mw_shared_installs/v2024.7.0.6/bin/glnxa64/MathWorksServiceHost,3
getExtDOs,3
/vobs/vb1/scm/pbuild/getExtDOs,3
grub2-editenv,3
/usr/bin/grub2-editenv,3
50-dracut.install,3
/usr/lib/kernel/install.d/50-dracut.install,3
hyperfine,3
/home/btorres/.cargo/bin/hyperfine,3
20-grub.install,3
/usr/lib/kernel/install.d/20-grub.install,3
nedit,3
/home/cadappl_RHEL8/nedit/5.7/nedit/bin/nedit,3
vmtoolsd,3
/usr/bin/vmtoolsd,3
gen_mpm_devbench,3
/home/rschulz/bin/gen_mpm_devbench,3
man,3
/usr/bin/man,3
poweroff-vm-default,3
/etc/vmware-tools/poweroff-vm-default,3
rpm,3
/usr/bin/rpm,3
cqset_passwd,3
/sdev/user/bin/cqset_passwd,3
92-tuned.install,3
/usr/lib/kernel/install.d/92-tuned.install,3
build-locale-archive,3
/usr/sbin/build-locale-archive,3
ctxmonitord,3
/opt/Citrix/VDA/bin/ctxmonitord,3
cclst_project,2
/sdev/user/bin/cclst_project,2
zenmax_scp_host_script.sh,2
/home/smarti14/zenmax_scp_host_script.sh,2
run_ut.deprecated.sh,2
/boa_prd/joblooij/FC-28_SWAI/main/ci/scripts/run_ut.deprecated.sh,2
popili,2
/boa_prd/joblooij/FC-28_SWAI/main/ci/scripts/coco_binaries/1.5.1/popili,2
rustup-init,2
/home/joblooij/.config/nvim/rustup-init,2
sendmail.postfix,2
/usr/sbin/sendmail.postfix,2
fi_recommend_bl,2
/sdev_shared/fi_scripts/production_control/fi_recommend_bl,2
postdrop,2
/usr/sbin/postdrop,2
login,2
/usr/bin/login,2
cccd_makewrap.pl,2
/sdev/user/sbin/cccd_makewrap.pl,2
cclst_baselines,2
/sdev/user/bin/cclst_baselines,2
fi_patch_list,2
/sdev_shared/fi_scripts/production_control/fi_scripts/bin/fi_patch_list,2
yat.bin,2
/tmp/.yat_nuitka_tmp.548397.1779091927_372249/yat.bin,1
/tmp/.yat_nuitka_tmp.64571.1779194542_907873/yat.bin,1
ccupdate_scope,2
/vobs/vb1/scm/scopecontrol/ccupdate_scope,2
pip-install.sh,2
/buildstore/git/emulate-it/pip-install.sh,2
strace,2
/usr/bin/strace,2
fi_generate_patch,2
/sdev_shared/fi_scripts/production_control/fi_scripts/bin/fi_generate_patch,2
db_from_boa,2
/home/rschulz/bin/db_from_boa,2
fi_mk_bl,2
/sdev_shared/fi_scripts/production_control/fi_mk_bl,2
chrome_crashpad_handler,2
/usr/share/code/chrome_crashpad_handler,2
versionvault.systemd,2
/usr/bin/versionvault.systemd,2
install_mvfs.sh,2
/opt/hcl/ccm/versionvault/linux_x86_64/etc/install_mvfs.sh,2
erci,2
/boa_prd/jonispe1/carm-erci/erci,2
clangd,2
/usr/local/bin/clangd,2
zellij,2
/home/joderix/bin/zellij,2
evince,1
/usr/bin/evince,1
cargo,1
/home/joblooij/.rustup/toolchains/stable-x86_64-unknown-linux-gnu/bin/cargo,1
run_wrapper.sh,1
/sdev/user/share/build_prediction/run_wrapper.sh,1
ar,1
/usr/bin/ar,1
ranlib,1
/usr/bin/ranlib,1
DgAdmin,1
/dgagent/DgAdmin,1
coach_scp_host.sh,1
/home/smarti14/coach_scp_host.sh,1
git-mergetool,1
/home/cadappl_RHEL8/git/2.52.0/git/libexec/git-core/git-mergetool,1
asml_air,1
/home/btorres/.local/share/pipx/venvs/asml-air/bin/asml_air,1
hardware.sh,1
/opt/splunkforwarder/etc/apps/Splunk_TA_nix/bin/hardware.sh,1
0anacron,1
/etc/cron.hourly/0anacron,1
find,1
/usr/bin/find,1
gh,1
/home/cadappl_RHEL8/github-cli/2.53.0/github-cli/bin/gh,1
create_k8s_cfg.sh,1
/home/joderix/bin/create_k8s_cfg.sh,1
sort,1
/usr/bin/sort,1
promoteDOs,1
/sdev/user/sbin/promoteDOs,1
caddefs,1
/sdev/user/bin/caddefs,1
pip3.12,1
/usr/bin/pip3.12,1
build-script-build,1
/tmp/cargo-installKpSCRK/release/build/rustix-9745999e100ce457/build-script-build,1
mkdumprd,1
/usr/sbin/mkdumprd,1
gnome-control-center,1
/usr/bin/gnome-control-center,1
launchR,1
/home/btorres/.yat/bin/launchR,1
python.wrapper,1
/home/cadappl_RHEL8/python/2.7.18/wrapper/python.wrapper,1
rmexport,1
/sdev/user/sbin/Arch/common/rmexport,1
machine_scp_host.sh,1
/home/smarti14/machine_scp_host.sh,1
dnf-utils,1
/usr/libexec/dnf-utils,1
wish8.6,1
/home/cadappl_RHEL8/tk/8.6.8/tk/bin/wish8.6,1
ctags,1
/home/rschulz/Documents/ctags/ctags,1
gawk,1
/home/cadappl_RHEL6/gawk/3.0.3/gawk/bin/gawk,1
file-roller,1
/usr/bin/file-roller,1
tags_gen_git,1
/home/rschulz/bin/tags_gen_git,1
gvfsd-recent,1
/usr/libexec/gvfsd-recent,1
TeamCenter.sh,1
/home/smarti14/TeamCenter.sh,1
yat-vdi,1
/home/omhassan/bin/yat-vdi,1
kdumpctl,1
/usr/bin/kdumpctl,1
pet,1
/boa_prd/jastam/.vscode/extensions/ms-python.vscode-python-envs-1.30.0-linux-x64/python-env-tools/bin/pet,1
gnome-screenshot,1
/usr/bin/gnome-screenshot,1
gsd-media-keys,1
/usr/libexec/gsd-media-keys,1
matlab-formatter,1
/home/rschulz/bin/matlab-formatter,1
gpg-connect-agent,1
/usr/bin/gpg-connect-agent,1
Grand Total,262463
